{
	"info": {
		"_postman_id": "06f8fa3a-c0d6-4bd2-8e72-c47e63bc0982",
		"name": "Desafio Backend Contas a Pagar",
		"schema": "https://schema.getpostman.com/json/collection/v2.1.0/collection.json",
		"_exporter_id": "11810739"
	},
	"item": [
		{
			"name": "upload-csv",
			"request": {
				"method": "POST",
				"header": [],
				"body": {
					"mode": "formdata",
					"formdata": [
						{
							"key": "file",
							"type": "file",
							"src": "/C:/Users/Richard Semolini/Desktop/pagamento2.CSV"
						}
					]
				},
				"url": {
					"raw": "http://localhost:8090/api/desafio/contas/upload-csv",
					"protocol": "http",
					"host": [
						"localhost"
					],
					"port": "8090",
					"path": [
						"api",
						"desafio",
						"contas",
						"upload-csv"
					]
				}
			},
			"response": []
		},
		{
			"name": "cadastrar",
			"request": {
				"method": "POST",
				"header": [],
				"body": {
					"mode": "raw",
					"raw": "{\r\n    \"id\": 10,\r\n    \"dataVencimento\": \"2024-08-01\",\r\n    \"valor\": 1500.55,\r\n    \"descricao\": \"Financiamento do carro\",\r\n    \"situacao\": false\r\n}",
					"options": {
						"raw": {
							"language": "json"
						}
					}
				},
				"url": {
					"raw": "http://localhost:8090/api/desafio/contas/cadastrar",
					"protocol": "http",
					"host": [
						"localhost"
					],
					"port": "8090",
					"path": [
						"api",
						"desafio",
						"contas",
						"cadastrar"
					]
				}
			},
			"response": []
		},
		{
			"name": "consultar-conta",
			"request": {
				"method": "GET",
				"header": [],
				"url": {
					"raw": "http://localhost:8090/api/desafio/contas/consultar/10",
					"protocol": "http",
					"host": [
						"localhost"
					],
					"port": "8090",
					"path": [
						"api",
						"desafio",
						"contas",
						"consultar",
						"10"
					]
				}
			},
			"response": []
		},
		{
			"name": "atualizar-conta",
			"request": {
				"method": "POST",
				"header": [],
				"body": {
					"mode": "raw",
					"raw": "{\r\n\"id\":10,\r\n\"dataVencimento\":\"2024-08-01\",\r\n\"dataPagamento\":\"2024-07-19\",\r\n\"valor\":1500.55,\r\n\"descricao\":\"Financiamento do carro\",\r\n\"situacao\":true\r\n}",
					"options": {
						"raw": {
							"language": "json"
						}
					}
				},
				"url": {
					"raw": "http://localhost:8090/api/desafio/contas/atualizar",
					"protocol": "http",
					"host": [
						"localhost"
					],
					"port": "8090",
					"path": [
						"api",
						"desafio",
						"contas",
						"atualizar"
					]
				}
			},
			"response": []
		},
		{
			"name": "deletar-conta",
			"request": {
				"method": "POST",
				"header": [],
				"body": {
					"mode": "raw",
					"raw": "{\r\n    \"id\": 10,\r\n    \"dataVencimento\": \"2024-08-01\",\r\n    \"dataPagamento\": \"2024-07-19\",\r\n    \"valor\": 1500.55,\r\n    \"descricao\": \"Financiamento do carro\",\r\n    \"situacao\": true\r\n}",
					"options": {
						"raw": {
							"language": "json"
						}
					}
				},
				"url": {
					"raw": "http://localhost:8090/api/desafio/contas/deletar",
					"protocol": "http",
					"host": [
						"localhost"
					],
					"port": "8090",
					"path": [
						"api",
						"desafio",
						"contas",
						"deletar"
					]
				}
			},
			"response": []
		},
		{
			"name": "alterar-situacao",
			"request": {
				"method": "POST",
				"header": [],
				"body": {
					"mode": "raw",
					"raw": "{\r\n    \"id\": 3,\r\n    \"situacao\": true\r\n}",
					"options": {
						"raw": {
							"language": "json"
						}
					}
				},
				"url": {
					"raw": "http://localhost:8090/api/desafio/contas/alterar-situacao",
					"protocol": "http",
					"host": [
						"localhost"
					],
					"port": "8090",
					"path": [
						"api",
						"desafio",
						"contas",
						"alterar-situacao"
					]
				}
			},
			"response": []
		},
		{
			"name": "obter-lista-por-filtro",
			"request": {
				"method": "POST",
				"header": [],
				"body": {
					"mode": "raw",
					"raw": "{\r\n    \"dataVencimento\": \"2024-08-01\",\r\n    \"descricao\": \"Financiamento do carro\"\r\n}",
					"options": {
						"raw": {
							"language": "json"
						}
					}
				},
				"url": {
					"raw": "http://localhost:8090/api/desafio/contas/obter-lista-por-filtro",
					"protocol": "http",
					"host": [
						"localhost"
					],
					"port": "8090",
					"path": [
						"api",
						"desafio",
						"contas",
						"obter-lista-por-filtro"
					]
				}
			},
			"response": []
		}
	]
}